{
    "GameSkillBackUI0": {
        "anker": [
            0.5,
            0.5
        ],
        "rotate_": [
            0.0,
            0.0,
            0.0
        ],
        "scale_": [
            0.07500000298023224,
            0.07500000298023224,
            1.0
        ],
        "size": [
            1280.0,
            1280.0
        ],
        "translate_": [
            1100.0,
            536.0,
            0.0
        ]
    }
}
