{
    "Player": {
        "speed": 0.05000000074505806,
        "temperatureSpeed": 0.004999999888241291,
        "translate": [
            0.0,
            4.0,
            0.0
        ]
    }
}
